['iteration', 'loss-best', 'loss-worst', 'loss-avg', 'loss-cooldown', 'corrections-pos', 'corrections-neg', 'no-corrections', 'average adjacency acceptance']
1, -197450000.0, -396396000.0, -271050063.49206346, -198193000.0, 14, 49, 38, 0.10895361380798274
2, -146345000.0, -198533000.0, -178862500.0, -146345000.0, 9, 29, 63, 0.1281725888324873
3, -145634000.0, -147569000.0, -146299800.0, -147326000.0, 11, 39, 51, 0.11272321428571429
4, -145656000.0, -148536000.0, -147230700.0, -147513000.0, 10, 50, 41, 0.1
